id,name,lastname,price,flycode,typePassenger,statusFlight
1,Clara,Pourveer,39387,FR56,ExecutiveClass,Demorado
2,Siana,Kalkhoven,29066,BA24,EconomyClass,En Horario
3,Codee,Brunet,13325,FR56,ExecutiveClass,Demorado
4,Janifer,Sumpton,28596,BR34,FirstClass,Demorado
5,Barret,Pagen,58368,GU23,FirstClass,Demorado
6,Caddric,Delgado,64590,TU67,ExecutiveClass,Aterrizado
7,Mikkel,Frederick,49974,TU67,FirstClass,Aterrizado
8,Archibold,Goodie,89076,BR34,EconomyClass,Demorado
9,Nichol,Marval,11634,GU23,EconomyClass,Demorado
10,Aurora,Bonsul,34990,MM09,FirstClass,En Horario
11,Marris,Rookesby,57203,MM09,FirstClass,En Horario
12,Anita,Vanne,63672,FR56,ExecutiveClass,En Horario
13,Ingunna,Gladtbach,72531,IB08,FirstClass,Aterrizado
14,Peyter,Atrill,53011,MM09,ExecutiveClass,Demorado
15,Dyna,Matthew,92038,MM09,EconomyClass,En Horario
16,Isidore,Mulvenna,29854,GU23,FirstClass,Aterrizado
17,Zorah,Kennealy,65711,BA24,FirstClass,Aterrizado
18,Berget,Lerigo,14120,MM09,ExecutiveClass,Aterrizado
19,Consuela,Kevern,25041,TU67,EconomyClass,Aterrizado
20,Brandi,Corbitt,74308,GU23,ExecutiveClass,Demorado
21,Tibold,Hellings,51271,GU23,ExecutiveClass,Demorado
22,Margi,Overthrow,34655,BR34,ExecutiveClass,Aterrizado
23,Hasty,Christoffe,44177,FR56,FirstClass,Demorado
24,Esma,Whebell,77976,BR34,FirstClass,Aterrizado
25,Gleda,Renard,84762,BR34,FirstClass,En Horario
26,Wanda,Rounding,88913,TU67,FirstClass,En Horario
27,Benedick,Rowlands,25507,GU23,FirstClass,Aterrizado
28,Gertruda,Keuning,75875,BA24,FirstClass,En Horario
29,Marti,Aiers,89527,MM09,ExecutiveClass,En Horario
30,Juline,Melhuish,68290,BR34,FirstClass,Aterrizado
31,Vikki,Braunstein,10922,MM09,FirstClass,Aterrizado
32,Teodoor,Haucke,41999,FR56,ExecutiveClass,Demorado
33,Edan,Hankard,77488,TU67,FirstClass,Aterrizado
34,Hewie,D'Antonio,53755,HY45,EconomyClass,Aterrizado
35,Jojo,Danell,43506,BA24,ExecutiveClass,Demorado
36,Rodolfo,Broomhall,52848,FR56,ExecutiveClass,En Horario
37,Yuma,Raiman,58536,BR34,EconomyClass,Aterrizado
38,Neron,Monks,80522,IB08,EconomyClass,Aterrizado
39,Eugenius,Entres,30899,HY45,EconomyClass,Aterrizado
40,Petronilla,Oxborrow,91094,TU67,FirstClass,Aterrizado
41,Alasteir,Coom,60644,GU23,FirstClass,Aterrizado
42,Athena,Dudding,23680,IB08,ExecutiveClass,Aterrizado
43,Mia,McKearnen,74642,FR56,EconomyClass,Aterrizado
44,Xavier,Crookshanks,83098,IB08,EconomyClass,Aterrizado
45,Renae,Forbes,48423,FR56,EconomyClass,Demorado
46,Jerrie,Simeoli,11961,FR56,EconomyClass,En Horario
47,Maggee,Curnow,59295,IB08,EconomyClass,Demorado
48,Elvis,Fipp,65708,FR56,ExecutiveClass,Aterrizado
49,Linzy,Sendley,60612,GU23,ExecutiveClass,Demorado
50,Portie,Cruwys,85333,BR34,ExecutiveClass,Demorado
51,Lexis,Blueman,12068,HY45,FirstClass,Aterrizado
52,Marga,Chesnut,12432,HY45,ExecutiveClass,En Horario
53,Tiphany,Barens,58983,GU23,FirstClass,En Horario
54,Ekaterina,Cess,18995,HY45,FirstClass,Aterrizado
55,Kendre,Sheards,44179,HY45,EconomyClass,Demorado
56,Ella,Fordham,85756,TU67,ExecutiveClass,Demorado
57,Gary,Deere,60151,MM09,ExecutiveClass,Demorado
58,Gregor,MacCart,27663,MM09,EconomyClass,Demorado
59,Lethia,Juzek,15372,IB08,FirstClass,Aterrizado
60,Antoinette,Blincowe,81954,TU67,FirstClass,Demorado
61,Raymund,Sebley,85396,HY45,EconomyClass,Demorado
62,Dew,Greenside,84475,TU67,FirstClass,En Horario
63,Bendick,Braxton,43891,HY45,ExecutiveClass,Demorado
64,Carlen,Tofful,57900,FR56,FirstClass,Demorado
65,Marjorie,Polon,18301,BR34,ExecutiveClass,Demorado
66,Haleigh,Cater,70672,BA24,ExecutiveClass,Demorado
67,Reginald,Lafferty,57809,BR34,ExecutiveClass,En Horario
68,Ninetta,Dyne,49918,GU23,ExecutiveClass,Demorado
69,Jacklin,Batchelour,39930,MM09,ExecutiveClass,Aterrizado
70,Morena,Sagerson,55471,HY45,FirstClass,Demorado
71,Ron,Esselin,10237,IB08,FirstClass,En Horario
72,Gaby,Laminman,60371,HY45,ExecutiveClass,En Horario
73,Tommy,Thomasen,69043,IB08,FirstClass,Demorado
74,Alli,Volonte,27267,MM09,ExecutiveClass,Demorado
75,Bobby,Prior,41820,IB08,EconomyClass,En Horario
76,Torrence,Stenbridge,22703,TU67,EconomyClass,Aterrizado
77,Lewes,Eisenberg,28311,BA24,ExecutiveClass,Aterrizado
78,Sean,Tyrie,50642,BA24,FirstClass,Demorado
79,Sibbie,Croydon,98062,BR34,FirstClass,Aterrizado
80,Chandal,Paver,20455,BA24,FirstClass,Demorado
81,Tucky,Espinal,47647,FR56,ExecutiveClass,Demorado
82,Salem,Cartmale,23666,IB08,FirstClass,En Horario
83,Judy,Giraldez,34644,HY45,ExecutiveClass,Aterrizado
84,Marne,Baison,69391,GU23,FirstClass,En Horario
85,Maura,Halms,74337,IB08,EconomyClass,Aterrizado
86,Trent,Faiers,27398,BA24,FirstClass,Demorado
87,Jobie,Gregoletti,87976,BR34,ExecutiveClass,Aterrizado
88,Leeland,Rivers,30612,BR34,EconomyClass,Demorado
89,Marlee,Cutridge,55492,FR56,ExecutiveClass,Demorado
90,Sholom,Caunt,97675,BA24,EconomyClass,Aterrizado
91,Dorine,Alten,94663,HY45,EconomyClass,Aterrizado
92,Myer,Emmert,54767,IB08,EconomyClass,Aterrizado
93,Celle,Disley,72454,FR56,EconomyClass,Aterrizado
94,Franny,Blockwell,61843,GU23,EconomyClass,Aterrizado
95,Kate,Withringten,17107,IB08,ExecutiveClass,En Horario
96,Pavlov,Rennebeck,22906,GU23,FirstClass,Demorado
97,Oran,Milier,30328,BR34,ExecutiveClass,En Horario
98,Justus,Khilkov,82540,FR56,ExecutiveClass,Demorado
99,Katerina,Heindle,17802,MM09,FirstClass,En Horario
100,Niels,Benasik,80203,HY45,ExecutiveClass,Aterrizado
101,Laurens,Safell,70803,FR56,FirstClass,Aterrizado
102,Jeddy,Wigfield,86468,HY45,ExecutiveClass,Aterrizado
103,Elene,Kilcullen,46135,TU67,FirstClass,En Horario
104,Margi,Holgan,10852,BR34,ExecutiveClass,Aterrizado
105,Bengt,Stanworth,91906,BR34,EconomyClass,En Horario
106,Wainwright,Dobble,61744,TU67,FirstClass,En Horario
107,Jehu,Gemlbett,81926,GU23,FirstClass,En Horario
108,Janeczka,Boundy,60392,BA24,ExecutiveClass,Demorado
109,Ody,MacGarrity,89438,MM09,ExecutiveClass,Demorado
110,Lombard,Pieroni,46748,MM09,FirstClass,Aterrizado
111,Jonathon,Faint,94721,MM09,FirstClass,Aterrizado
112,Candice,Birdseye,33479,MM09,FirstClass,Demorado
113,Thatch,Chellenham,99641,BA24,FirstClass,En Horario
114,Caitrin,Stickler,88399,GU23,EconomyClass,Demorado
115,Davine,Louiset,38137,TU67,EconomyClass,En Horario
116,Kingsley,Criple,24548,MM09,ExecutiveClass,Demorado
117,Karina,Blackly,89528,HY45,FirstClass,En Horario
118,Perla,Marshland,55384,MM09,EconomyClass,En Horario
119,Rois,Dunbleton,26511,HY45,ExecutiveClass,Demorado
120,Herc,Summerill,87624,TU67,EconomyClass,Demorado
121,Minta,Latour,80261,BA24,FirstClass,Demorado
122,Sorcha,Chisman,25583,BR34,EconomyClass,Demorado
123,Hamil,Covendon,91877,HY45,EconomyClass,Demorado
124,Goldarina,McDavid,19872,FR56,FirstClass,Demorado
125,Sibeal,Paladino,54997,BR34,EconomyClass,En Horario
126,Web,Souness,84746,BR34,ExecutiveClass,En Horario
127,Lian,Jepps,68800,BA24,ExecutiveClass,En Horario
128,Bernie,Lies,48962,GU23,EconomyClass,En Horario
129,Arther,Jeanet,80318,BA24,FirstClass,En Horario
130,Stillman,Sutlieff,83416,BA24,EconomyClass,Aterrizado
131,Loretta,Carlill,88180,GU23,ExecutiveClass,Aterrizado
132,Baird,Lawey,14612,BA24,EconomyClass,Aterrizado
133,Shirley,McManus,24908,MM09,ExecutiveClass,Aterrizado
134,Kim,Keelin,70530,BR34,EconomyClass,Aterrizado
135,Lay,Gohier,90998,MM09,ExecutiveClass,En Horario
136,Benedikt,Vanyashkin,30427,BA24,FirstClass,Demorado
137,Homerus,Crippell,90679,BR34,FirstClass,Demorado
138,Finn,Saing,47824,MM09,FirstClass,En Horario
139,Emerson,Peyntue,51924,GU23,FirstClass,Demorado
140,Oralla,Chellenham,57132,HY45,EconomyClass,Demorado
141,Ofilia,Inworth,77764,TU67,EconomyClass,Demorado
142,Stesha,Milch,77733,BA24,ExecutiveClass,Aterrizado
143,Russ,Yashaev,26224,BR34,FirstClass,Aterrizado
144,Cleo,Tremoille,85595,IB08,ExecutiveClass,Aterrizado
145,Lou,Bloss,72091,FR56,ExecutiveClass,Demorado
146,Koral,MacChaell,57620,BA24,FirstClass,En Horario
147,Lanette,Reddan,48011,GU23,ExecutiveClass,Demorado
148,Tani,Tapsell,27380,IB08,FirstClass,Demorado
149,Dorothee,Van Cassel,42769,BR34,EconomyClass,Demorado
150,Nevsa,Willard,96930,BA24,EconomyClass,Aterrizado
151,Lucian,Peyton,36137,HY45,EconomyClass,Aterrizado
152,Bridie,Cawte,68382,BA24,FirstClass,Demorado
153,Randi,MacMarcuis,59005,BR34,ExecutiveClass,En Horario
154,Garrick,Wehden,60069,GU23,FirstClass,Demorado
155,Traci,Seif,64078,BR34,FirstClass,En Horario
156,Shell,Burley,55939,TU67,EconomyClass,En Horario
157,Kendell,Zipsell,25930,BA24,EconomyClass,Demorado
158,Cammie,Dable,38790,IB08,EconomyClass,En Horario
159,Emmi,Bourhill,88860,FR56,FirstClass,En Horario
160,Jim,Rosentholer,40023,TU67,EconomyClass,Aterrizado
161,Rustin,Sumption,60800,FR56,ExecutiveClass,En Horario
162,Cathlene,Yurshev,25399,MM09,EconomyClass,Aterrizado
163,Brenn,Linde,65945,MM09,FirstClass,En Horario
164,Sophie,Aven,19896,HY45,EconomyClass,Demorado
165,Petronilla,Pontefract,27197,BR34,ExecutiveClass,Demorado
166,Thornton,Alejandre,45876,BR34,EconomyClass,Aterrizado
167,Mercie,Noblet,38850,FR56,ExecutiveClass,Demorado
168,Edgard,Bruinsma,19786,FR56,EconomyClass,En Horario
169,Desirae,Toombes,36618,TU67,ExecutiveClass,En Horario
170,Fonz,Adame,50008,HY45,FirstClass,En Horario
171,Worthy,Beevor,17537,HY45,FirstClass,Demorado
172,Julienne,Jex,31139,TU67,FirstClass,En Horario
173,Maryanna,Dripp,42500,IB08,EconomyClass,En Horario
174,Vern,Vasilic,88599,BR34,FirstClass,En Horario
175,Hubert,Winder,69946,MM09,ExecutiveClass,Demorado
176,Roslyn,Coey,42104,GU23,EconomyClass,En Horario
177,Ewan,Bedward,94252,HY45,FirstClass,Aterrizado
178,Bogey,Giff,44529,GU23,FirstClass,Demorado
179,Reagan,Kopec,58092,TU67,FirstClass,Aterrizado
180,Collie,Dallinder,51576,FR56,FirstClass,En Horario
181,Garvy,Westhofer,90456,BR34,ExecutiveClass,Aterrizado
182,Alfy,Threadgould,87912,BR34,EconomyClass,En Horario
183,Ermanno,Epps,32067,MM09,EconomyClass,Demorado
184,Helge,Dimitresco,22168,HY45,ExecutiveClass,Aterrizado
185,Alford,Boulden,45161,HY45,FirstClass,Demorado
186,Austine,Hagyard,80360,BR34,EconomyClass,En Horario
187,Amalia,Houltham,56359,IB08,ExecutiveClass,Aterrizado
188,Brunhilda,Kassel,27174,BR34,EconomyClass,Demorado
189,Artemus,Cargill,61137,IB08,FirstClass,Demorado
190,Hogan,Siggs,82653,GU23,FirstClass,Demorado
191,Gusty,Kevern,94724,TU67,ExecutiveClass,En Horario
192,Freddy,Struan,31031,BR34,EconomyClass,En Horario
193,Justis,Messer,72334,HY45,ExecutiveClass,En Horario
194,Barthel,Miner,84004,BA24,ExecutiveClass,Aterrizado
195,Joleen,Kagan,59833,HY45,ExecutiveClass,Demorado
196,Johny,Narramor,71782,FR56,FirstClass,En Horario
197,Harriette,Boise,74081,FR56,ExecutiveClass,En Horario
198,Eilis,Paolazzi,54572,GU23,FirstClass,Demorado
199,Livvie,Senecaux,56976,HY45,FirstClass,Aterrizado
200,Emlen,Ilsley,49861,IB08,FirstClass,Aterrizado
201,Sarena,Carberry,85317,BA24,EconomyClass,Aterrizado
202,Nadiya,Southouse,79097,MM09,ExecutiveClass,Aterrizado
203,Michaelina,Moncrieffe,45917,HY45,FirstClass,Demorado
204,Karyl,O'Hagerty,53906,BA24,ExecutiveClass,En Horario
205,Margo,Golley,33353,HY45,EconomyClass,Aterrizado
206,Grier,Itzakson,41183,BA24,FirstClass,Demorado
207,Myca,Marcombe,37820,BR34,FirstClass,Demorado
208,Babbette,Janiak,77035,HY45,EconomyClass,Aterrizado
209,Aguie,Phillps,90879,FR56,ExecutiveClass,Aterrizado
210,Harri,Spellacey,23956,HY45,FirstClass,Demorado
211,Friederike,Laste,45530,FR56,ExecutiveClass,En Horario
212,Dayle,Ratie,49098,MM09,ExecutiveClass,En Horario
213,Loise,Menlove,47593,HY45,EconomyClass,Demorado
214,Harlin,Wickins,95463,IB08,ExecutiveClass,En Horario
215,Janka,Huggard,21154,TU67,FirstClass,En Horario
216,Carlee,McInnerny,19590,BR34,ExecutiveClass,En Horario
217,Rena,Crean,72402,TU67,EconomyClass,Aterrizado
218,Maynard,Peyro,73689,IB08,ExecutiveClass,Aterrizado
219,Lynnet,Pitcaithly,33301,MM09,ExecutiveClass,Demorado
220,Delores,Fromont,91274,IB08,ExecutiveClass,Demorado
221,Sebastiano,Watchorn,77198,BR34,EconomyClass,En Horario
222,Adriano,Skillen,13177,BR34,EconomyClass,Aterrizado
223,Sarina,Josephy,79180,BA24,FirstClass,En Horario
224,Neddy,Seger,38624,TU67,EconomyClass,Demorado
225,Brice,LeEstut,54958,HY45,ExecutiveClass,Demorado
226,Hans,Metherell,55038,IB08,FirstClass,Demorado
227,Friederike,Childers,97756,FR56,ExecutiveClass,Aterrizado
228,Mac,Stratford,56740,BA24,EconomyClass,Demorado
229,Kathrine,Krollmann,73500,BA24,FirstClass,Aterrizado
230,Peta,Romera,46158,GU23,FirstClass,Aterrizado
231,Fabiano,Eingerfield,15601,HY45,EconomyClass,Demorado
232,Cymbre,Overall,33732,GU23,ExecutiveClass,Aterrizado
233,Zarla,Channon,83939,BA24,EconomyClass,En Horario
234,Remus,Challenger,38189,MM09,EconomyClass,Demorado
235,Lida,Siggers,64574,BR34,EconomyClass,Demorado
236,Rahel,Ringrose,99825,HY45,ExecutiveClass,Aterrizado
237,Angelika,Fiddymont,96844,IB08,EconomyClass,Demorado
238,Demetrius,Biagi,36574,BA24,FirstClass,Aterrizado
239,Isis,Tomkys,32224,BR34,ExecutiveClass,En Horario
240,Murial,Storres,41085,GU23,FirstClass,Aterrizado
241,Julieta,Philbrick,15586,MM09,EconomyClass,Aterrizado
242,Gwenette,Bramelt,57295,BA24,FirstClass,Demorado
243,Carley,Bolf,58653,MM09,FirstClass,Aterrizado
244,Shelli,Thoresbie,45849,IB08,ExecutiveClass,Demorado
245,Hymie,Moat,78302,TU67,EconomyClass,Demorado
246,Osgood,Stayte,12570,IB08,FirstClass,En Horario
247,Anastassia,Dilland,71025,BR34,ExecutiveClass,Demorado
248,Ariella,Kaesmakers,19705,IB08,EconomyClass,Demorado
249,Justin,Read,34055,BA24,EconomyClass,En Horario
250,Bertine,Kohnemann,65762,IB08,EconomyClass,Aterrizado
251,Evyn,Ivatts,61175,HY45,ExecutiveClass,Demorado
252,Silvio,Derwin,32642,GU23,ExecutiveClass,En Horario
253,Gianni,Skillman,65108,FR56,FirstClass,Aterrizado
254,Jule,Jeram,93118,TU67,FirstClass,Demorado
255,Arri,Readitt,93255,TU67,EconomyClass,En Horario
256,Clive,Colleymore,27141,FR56,ExecutiveClass,En Horario
257,Viv,Meiner,51334,BA24,ExecutiveClass,Demorado
258,Morgan,Tesyro,65289,IB08,ExecutiveClass,Aterrizado
259,Rodi,Riddock,30301,HY45,EconomyClass,Aterrizado
260,Koenraad,Bellas,95569,TU67,FirstClass,En Horario
261,Krishnah,Smales,81465,GU23,ExecutiveClass,Aterrizado
262,Kirsten,Chillcot,74711,TU67,EconomyClass,Aterrizado
263,Yance,Ferretti,25868,GU23,ExecutiveClass,Demorado
264,Tonia,Swanborough,94381,MM09,EconomyClass,Aterrizado
265,Maurene,Torbard,85220,FR56,FirstClass,Demorado
266,Eileen,Yakov,94022,MM09,FirstClass,Aterrizado
267,Olive,Housbey,36725,GU23,ExecutiveClass,En Horario
268,Urbanus,Mackerness,14886,BA24,FirstClass,Aterrizado
269,Salvador,Yushmanov,91889,IB08,ExecutiveClass,En Horario
270,Anett,Adhams,62439,TU67,FirstClass,En Horario
271,Trudi,Trengrove,61702,BR34,EconomyClass,Aterrizado
272,Hershel,Lighton,35717,BR34,ExecutiveClass,Aterrizado
273,Hammad,Whartonby,68744,GU23,ExecutiveClass,Aterrizado
274,Oren,Bumfrey,39127,BA24,EconomyClass,En Horario
275,Piggy,Crate,43394,MM09,FirstClass,En Horario
276,Isis,Gohier,84148,HY45,FirstClass,En Horario
277,Gerek,Fawcitt,56865,TU67,FirstClass,En Horario
278,Deloris,Becks,15979,IB08,ExecutiveClass,Aterrizado
279,Jodie,Pahl,82965,HY45,ExecutiveClass,Aterrizado
280,Fanni,Gritsunov,15096,IB08,ExecutiveClass,Demorado
281,Gideon,Withrington,24527,FR56,ExecutiveClass,En Horario
282,Ninette,Bedberry,20005,MM09,ExecutiveClass,Demorado
283,Maurita,Simmig,19935,FR56,ExecutiveClass,En Horario
284,Velvet,Calcott,21479,TU67,ExecutiveClass,En Horario
285,Wally,Scoates,65777,GU23,EconomyClass,Aterrizado
286,Bearnard,Vuitton,16716,BA24,EconomyClass,Demorado
287,Willetta,Yeulet,75438,FR56,ExecutiveClass,Demorado
288,Melosa,Croy,92639,BA24,ExecutiveClass,En Horario
289,Sibelle,Curtiss,50100,IB08,ExecutiveClass,En Horario
290,Laureen,Syfax,13298,GU23,ExecutiveClass,Aterrizado
291,Thaddus,Featherstone,33709,TU67,ExecutiveClass,Aterrizado
292,Leicester,Cholomin,29149,HY45,FirstClass,Aterrizado
293,Fanny,O'Carran,88432,BR34,ExecutiveClass,Aterrizado
294,Pamelina,Berisford,51597,MM09,ExecutiveClass,Aterrizado
295,Bebe,Grassick,15285,BA24,ExecutiveClass,En Horario
296,Paquito,Hearnes,83927,MM09,FirstClass,En Horario
297,Cullen,Woolford,62310,BR34,EconomyClass,Aterrizado
298,Fayina,Stenyng,56417,BA24,ExecutiveClass,En Horario
299,Lolita,Thatcham,88019,FR56,FirstClass,Aterrizado
300,Orly,Hattoe,86479,TU67,FirstClass,En Horario
301,Billy,Langmead,90442,HY45,EconomyClass,Demorado
302,Sharleen,Wyd,38933,TU67,ExecutiveClass,En Horario
303,Katerine,Childs,59436,BR34,ExecutiveClass,En Horario
304,Barth,Bamell,55309,IB08,ExecutiveClass,En Horario
305,Adriana,Gercken,31575,HY45,FirstClass,Aterrizado
306,Gil,Dodson,83276,GU23,EconomyClass,En Horario
307,Orel,Tiffany,54386,GU23,FirstClass,En Horario
308,Alison,Blench,74444,BA24,ExecutiveClass,En Horario
309,Gates,Bruford,85706,BR34,EconomyClass,Demorado
310,Ketty,Eisikowitch,86373,BA24,ExecutiveClass,Aterrizado
311,Burg,Kristof,58769,IB08,FirstClass,Demorado
312,Inesita,Dwyer,15874,HY45,ExecutiveClass,En Horario
313,Tomlin,Lynn,44333,GU23,FirstClass,Aterrizado
314,Cindie,Balassa,75034,IB08,ExecutiveClass,Demorado
315,Wilhelmina,Muzzillo,65957,MM09,FirstClass,Demorado
316,Jocelin,Pashbee,65606,GU23,FirstClass,Demorado
317,Adoree,Isakov,89685,BR34,FirstClass,Demorado
318,Marijn,Allmark,87462,MM09,EconomyClass,Demorado
319,Arte,Bollum,61082,FR56,EconomyClass,En Horario
320,Shaun,Nettleship,99865,TU67,EconomyClass,En Horario
321,Laryssa,Laughlan,60380,BR34,FirstClass,Aterrizado
322,Britte,Hugh,54100,MM09,ExecutiveClass,Demorado
323,Wendi,Santino,14644,TU67,FirstClass,En Horario
324,Corie,Lovat,24178,TU67,ExecutiveClass,Aterrizado
325,Phip,Horning,32058,GU23,FirstClass,Aterrizado
326,Eben,Castellanos,81828,GU23,FirstClass,Demorado
327,Paul,De Biasi,71771,HY45,FirstClass,Demorado
328,Neysa,Ivashechkin,10493,GU23,ExecutiveClass,Aterrizado
329,Esmeralda,Ludmann,70917,BA24,ExecutiveClass,Aterrizado
330,Linoel,Skingle,32156,TU67,ExecutiveClass,Demorado
331,Haley,Raund,21482,MM09,FirstClass,En Horario
332,Theresita,Darco,61595,FR56,FirstClass,En Horario
333,Berget,Wickens,17045,BR34,ExecutiveClass,Demorado
334,Smitty,Inworth,81765,TU67,EconomyClass,En Horario
335,Verna,Pickworth,99261,BR34,FirstClass,Demorado
336,Lilas,Palister,36611,BA24,FirstClass,Aterrizado
337,Bee,O'Hern,31506,GU23,ExecutiveClass,En Horario
338,Verina,McCoole,62414,BA24,FirstClass,En Horario
339,Gauthier,O'Kennavain,21897,BA24,ExecutiveClass,Aterrizado
340,Abbey,Fancett,39753,BR34,ExecutiveClass,Aterrizado
341,Quintilla,Matisse,59057,IB08,ExecutiveClass,En Horario
342,Fina,Tackle,71247,HY45,ExecutiveClass,Aterrizado
343,Alphard,Schrei,87093,IB08,ExecutiveClass,En Horario
344,Blaire,Zwicker,35972,HY45,ExecutiveClass,Aterrizado
345,Vivienne,Munns,62224,BA24,FirstClass,Demorado
346,Hewett,Brydone,19287,HY45,EconomyClass,Aterrizado
347,Cristine,Sutherel,68109,IB08,FirstClass,Aterrizado
348,Erinna,Tretwell,45853,MM09,EconomyClass,Demorado
349,Perry,Sirl,92029,MM09,ExecutiveClass,Demorado
350,Zane,Rogister,10415,MM09,EconomyClass,En Horario
351,Vallie,Dearsley,41116,TU67,FirstClass,Demorado
352,Nani,Ratlee,73149,BA24,FirstClass,En Horario
353,Gustavus,O'Lehane,40618,BR34,ExecutiveClass,Aterrizado
354,Marleah,Mosdall,16327,GU23,ExecutiveClass,Aterrizado
355,Nevin,De Bernardi,31870,TU67,EconomyClass,Demorado
356,Tobe,Eden,88840,HY45,FirstClass,Aterrizado
357,Veronica,Allain,35981,HY45,FirstClass,Aterrizado
358,Justis,Fenty,37451,GU23,EconomyClass,Demorado
359,Bibbie,Davenell,93501,FR56,EconomyClass,Aterrizado
360,Sally,Dunkerly,74392,FR56,FirstClass,Demorado
361,Oralee,Rivard,36662,MM09,FirstClass,Aterrizado
362,Randene,Cassar,51377,HY45,EconomyClass,Demorado
363,Marci,Brumwell,45022,MM09,ExecutiveClass,Aterrizado
364,Bent,Wateridge,63477,IB08,ExecutiveClass,Demorado
365,Marlo,Latus,45260,BR34,EconomyClass,En Horario
366,Marquita,Revelle,45141,FR56,EconomyClass,En Horario
367,Jocelyne,Thick,83305,TU67,EconomyClass,En Horario
368,Glen,Kliche,14067,FR56,EconomyClass,Aterrizado
369,Leisha,Doreward,62174,HY45,FirstClass,Demorado
370,Davon,Westfalen,17206,BR34,ExecutiveClass,En Horario
371,Gianina,McAuliffe,32952,IB08,EconomyClass,Aterrizado
372,Zacherie,Linzey,93205,MM09,FirstClass,Demorado
373,Brandtr,Pawel,22027,MM09,ExecutiveClass,Demorado
374,Flor,Walewicz,99542,HY45,ExecutiveClass,En Horario
375,Karoly,Backler,78141,MM09,ExecutiveClass,Demorado
376,Delcina,Miskin,93619,FR56,EconomyClass,Demorado
377,Nelia,MacKellar,49921,TU67,EconomyClass,Demorado
378,Fedora,Ghio,48132,BA24,ExecutiveClass,En Horario
379,Flor,Caslane,92044,HY45,ExecutiveClass,En Horario
380,Kandace,Storch,95587,BA24,ExecutiveClass,En Horario
381,Edan,Thomazet,87437,FR56,ExecutiveClass,Aterrizado
382,Jobyna,Gathercoal,89885,BA24,FirstClass,En Horario
383,Melisandra,Chittem,76101,TU67,EconomyClass,Demorado
384,Porty,Calcraft,96698,IB08,FirstClass,Demorado
385,Halsy,Takis,25791,HY45,EconomyClass,En Horario
386,Eugenia,Truter,68322,BR34,ExecutiveClass,Aterrizado
387,Bat,Maud,43841,IB08,ExecutiveClass,En Horario
388,Madalena,Clouter,71487,BA24,ExecutiveClass,Aterrizado
389,Francoise,Capey,22949,HY45,ExecutiveClass,En Horario
390,Bell,Cassam,20177,MM09,FirstClass,Demorado
391,Alistair,Casillas,76357,IB08,ExecutiveClass,En Horario
392,Faydra,Noir,43438,MM09,FirstClass,Demorado
393,Hilliary,Tommaseo,24179,TU67,FirstClass,Aterrizado
394,Anthony,Aleevy,41320,FR56,EconomyClass,Aterrizado
395,Lillian,Child,98962,GU23,EconomyClass,Demorado
396,Luciano,Lushey,73502,HY45,ExecutiveClass,Demorado
397,Flynn,Coffin,14846,GU23,EconomyClass,Aterrizado
398,Garrott,Henken,97786,IB08,FirstClass,En Horario
399,Bronson,Dowden,47819,HY45,FirstClass,En Horario
400,Myrtice,Statersfield,75669,BA24,FirstClass,Aterrizado
401,Elwin,McNirlin,75554,BR34,ExecutiveClass,En Horario
402,Fanchette,Tompkinson,59024,IB08,EconomyClass,En Horario
403,Lizbeth,Vears,68176,BA24,ExecutiveClass,En Horario
404,Aguie,Dix,93422,BR34,FirstClass,Demorado
405,Aggy,Penhalurick,92473,GU23,EconomyClass,Aterrizado
406,Renard,Penrith,47175,IB08,EconomyClass,En Horario
407,Doreen,Lindup,95873,MM09,ExecutiveClass,En Horario
408,Constantin,Lewis,11842,BA24,ExecutiveClass,Aterrizado
409,Agneta,Klos,72940,GU23,FirstClass,Demorado
410,Kelwin,Bowkley,21853,GU23,EconomyClass,En Horario
411,Jabez,Booi,72965,IB08,EconomyClass,Aterrizado
412,Dal,Toler,77491,FR56,FirstClass,Demorado
413,Brew,Lobe,12055,IB08,FirstClass,Aterrizado
414,Nadia,Whitlaw,37216,HY45,FirstClass,Demorado
415,Lela,Penvarden,88489,BR34,FirstClass,En Horario
416,Giselle,Landrieu,63449,MM09,FirstClass,En Horario
417,Leona,Endacott,68884,IB08,FirstClass,En Horario
418,Grethel,Cottrell,82393,BA24,EconomyClass,En Horario
419,Dorolisa,Shears,27056,HY45,ExecutiveClass,En Horario
420,Neille,Dovermann,11974,IB08,ExecutiveClass,Demorado
421,Winifield,Esland,15032,BR34,EconomyClass,Demorado
422,Giuseppe,Roscow,16852,BR34,ExecutiveClass,Aterrizado
423,Andonis,Braizier,38010,MM09,EconomyClass,Aterrizado
424,Candi,Goldsberry,75099,IB08,ExecutiveClass,Aterrizado
425,Yurik,Jacomb,68027,TU67,ExecutiveClass,Aterrizado
426,Shamus,Deeman,96440,BA24,EconomyClass,En Horario
427,Kaja,Hise,18104,GU23,FirstClass,En Horario
428,Hadria,Harome,18488,BA24,ExecutiveClass,Demorado
429,Ailsun,Yeskin,37735,HY45,ExecutiveClass,En Horario
430,Gussi,Kibbey,37306,IB08,EconomyClass,En Horario
431,Consuelo,Arpe,47913,HY45,FirstClass,Demorado
432,Jemimah,Tetford,19813,HY45,EconomyClass,Aterrizado
433,Ellissa,McEachern,13130,BA24,FirstClass,Aterrizado
434,Gareth,Gilvary,35840,TU67,ExecutiveClass,Aterrizado
435,August,O'Hollegan,99004,HY45,ExecutiveClass,En Horario
436,Dru,Bufton,79347,BA24,ExecutiveClass,En Horario
437,Armstrong,Monckman,27187,GU23,ExecutiveClass,Demorado
438,Jannel,Alywen,90386,HY45,FirstClass,Demorado
439,Denys,Jacketts,33429,FR56,FirstClass,Aterrizado
440,Travus,Stratz,63401,MM09,ExecutiveClass,Demorado
441,Humbert,Nolot,25750,MM09,EconomyClass,Demorado
442,Abie,McNevin,39307,HY45,ExecutiveClass,Demorado
443,Bernie,Le Friec,68627,BR34,EconomyClass,Demorado
444,Sandy,Sargood,24507,HY45,ExecutiveClass,Aterrizado
445,Freddy,Caselli,53316,BA24,FirstClass,En Horario
446,Devonne,Marty,24974,HY45,ExecutiveClass,Aterrizado
447,Ilario,Dorward,97502,HY45,FirstClass,Aterrizado
448,Dori,Grolmann,96529,BA24,EconomyClass,En Horario
449,D'arcy,Bunford,44485,FR56,EconomyClass,En Horario
450,Jacynth,Moscon,43570,HY45,ExecutiveClass,Demorado
451,Stephen,Worsalls,31303,FR56,EconomyClass,Demorado
452,Ronnica,Bortolomei,14230,GU23,FirstClass,Demorado
453,Dallas,Benzies,93805,HY45,ExecutiveClass,Demorado
454,Chev,Dracey,50021,BA24,FirstClass,En Horario
455,Ferd,Pecht,81075,FR56,EconomyClass,Aterrizado
456,Darrelle,Benditt,33583,BA24,EconomyClass,En Horario
457,Gustavus,Rizzone,88813,BA24,ExecutiveClass,Demorado
458,Kristian,Boulds,84781,HY45,EconomyClass,Demorado
459,Ingra,Barrott,36962,GU23,EconomyClass,Aterrizado
460,Britteny,Bruinemann,85091,MM09,EconomyClass,Demorado
461,Elizabet,Rentz,79448,TU67,EconomyClass,En Horario
462,Vite,Bunhill,51455,FR56,EconomyClass,Demorado
463,Francyne,Macro,75293,BA24,ExecutiveClass,Aterrizado
464,Darryl,Codd,18809,TU67,EconomyClass,En Horario
465,Grace,Sannes,11236,GU23,ExecutiveClass,Aterrizado
466,Corney,Grayshan,19662,IB08,FirstClass,En Horario
467,Denna,Favelle,30829,GU23,EconomyClass,Demorado
468,Laney,Cuphus,76486,TU67,ExecutiveClass,En Horario
469,Sybil,Spellard,19064,TU67,ExecutiveClass,Demorado
470,Cletis,Walwood,67733,GU23,FirstClass,Aterrizado
471,Base,Dobinson,97498,MM09,ExecutiveClass,Demorado
472,Bancroft,Giffard,67712,GU23,ExecutiveClass,Demorado
473,Nickie,Yve,93074,TU67,EconomyClass,Demorado
474,Gerty,MacAvddy,98975,IB08,FirstClass,Aterrizado
475,Darcy,Tressler,93265,BA24,ExecutiveClass,Aterrizado
476,Katina,Greedy,75729,MM09,ExecutiveClass,Demorado
477,Susann,Ellor,15310,TU67,FirstClass,Aterrizado
478,Kippie,Gosz,14683,MM09,ExecutiveClass,En Horario
479,Franky,Ginner,89316,GU23,FirstClass,Aterrizado
480,Dionis,Trout,10303,BR34,ExecutiveClass,Aterrizado
481,Marthe,McCrainor,62742,FR56,EconomyClass,Aterrizado
482,Gillan,Brunnstein,22769,BR34,FirstClass,Aterrizado
483,Freddi,Bison,71115,MM09,FirstClass,Demorado
484,Elia,Arguile,84886,GU23,ExecutiveClass,Demorado
485,Cleveland,Eldered,21370,HY45,EconomyClass,Demorado
486,Adelina,Rodden,99831,BR34,ExecutiveClass,Demorado
487,Datha,Sazio,54784,TU67,ExecutiveClass,Demorado
488,Gisela,Dymick,84479,IB08,EconomyClass,Aterrizado
489,Adriano,MacDiarmond,24876,TU67,ExecutiveClass,En Horario
490,Man,Sturton,16779,HY45,EconomyClass,En Horario
491,Kaylee,Woakes,69824,IB08,FirstClass,Demorado
492,Ellene,Masterson,85512,MM09,EconomyClass,Aterrizado
493,Maxie,Anglim,92312,TU67,EconomyClass,Aterrizado
494,Phyllys,Feldstein,91344,FR56,FirstClass,Aterrizado
495,Cecil,Huot,22587,BA24,FirstClass,Demorado
496,Cybil,Grey,99591,HY45,FirstClass,Demorado
497,Cleo,Sapsford,70118,HY45,EconomyClass,Aterrizado
498,Jereme,Baistow,67957,TU67,FirstClass,Demorado
499,Tomas,Reith,95112,BA24,ExecutiveClass,Aterrizado
500,Domeniga,McPaik,78008,BR34,ExecutiveClass,Aterrizado
501,Lissie,Brandacci,47664,MM09,FirstClass,Aterrizado
502,Krissie,McGettigan,65873,IB08,ExecutiveClass,Demorado
503,Mellie,Hernik,34647,HY45,ExecutiveClass,Demorado
504,Adolph,Arnoldi,64923,BA24,ExecutiveClass,Aterrizado
505,Davide,Angelini,88477,TU67,FirstClass,En Horario
506,Cosimo,Albinson,55868,FR56,ExecutiveClass,En Horario
507,Jere,Ford,94299,HY45,ExecutiveClass,En Horario
508,Torin,Duberry,57807,GU23,FirstClass,Demorado
509,Iorgos,Reeder,66376,IB08,FirstClass,En Horario
510,Anstice,Rayworth,57078,HY45,ExecutiveClass,En Horario
511,Trish,Myford,17010,FR56,FirstClass,Aterrizado
512,Reyna,Lurner,71205,BA24,EconomyClass,Demorado
513,Matelda,Laminman,31869,FR56,FirstClass,En Horario
514,Anatol,Farra,76166,FR56,FirstClass,En Horario
515,Traver,Stembridge,46594,MM09,ExecutiveClass,En Horario
516,Esmaria,Duggen,74140,BA24,EconomyClass,En Horario
517,Ellary,Cherrett,42655,IB08,EconomyClass,Aterrizado
518,Stella,Wickerson,91138,IB08,ExecutiveClass,Demorado
519,Vin,Beare,34662,MM09,EconomyClass,En Horario
520,Orland,Micheu,87205,MM09,EconomyClass,Aterrizado
521,Anallese,Leedes,86996,HY45,FirstClass,Demorado
522,Lise,Vallintine,59288,IB08,ExecutiveClass,En Horario
523,Collin,Laboune,36884,BR34,FirstClass,Aterrizado
524,Cornie,Portriss,51328,MM09,EconomyClass,En Horario
525,Hale,Behne,53782,HY45,ExecutiveClass,Demorado
526,Brice,Coggles,18232,IB08,EconomyClass,En Horario
527,Brenna,Belward,79702,IB08,EconomyClass,Demorado
528,Jillian,Whitlam,43431,HY45,EconomyClass,En Horario
529,Meyer,Robshaw,14000,FR56,FirstClass,Aterrizado
530,Vonnie,Flockhart,38690,FR56,FirstClass,Aterrizado
531,Brynne,Sterman,89968,FR56,ExecutiveClass,En Horario
532,Flo,Menzies,95408,TU67,FirstClass,Aterrizado
533,Carlotta,Darbon,53678,TU67,FirstClass,Demorado
534,Kippy,Verzey,31125,FR56,EconomyClass,Aterrizado
535,Avril,Allibone,34219,BR34,FirstClass,Aterrizado
536,Win,Blanc,95230,HY45,EconomyClass,Demorado
537,Kevina,Willans,79511,BA24,FirstClass,Aterrizado
538,Jarrett,Tidcomb,65607,BR34,ExecutiveClass,En Horario
539,Betti,Olliar,59186,TU67,ExecutiveClass,Demorado
540,Enid,MacTrustey,95828,TU67,ExecutiveClass,Aterrizado
541,Jamill,Burgan,85036,HY45,FirstClass,En Horario
542,Row,Mawer,62889,MM09,EconomyClass,Aterrizado
543,Granny,Berardt,68141,GU23,EconomyClass,Aterrizado
544,Winny,Dimnage,99836,IB08,FirstClass,En Horario
545,Dena,Kupec,70013,HY45,EconomyClass,Demorado
546,Emelen,Genner,86244,BA24,EconomyClass,Aterrizado
547,Hayley,Clack,16244,BR34,FirstClass,Demorado
548,Cornall,Beardsley,83886,BA24,ExecutiveClass,En Horario
549,Marwin,Silverson,34278,BR34,EconomyClass,Aterrizado
550,Dominga,O'Hara,32314,HY45,ExecutiveClass,Aterrizado
551,Delmor,Lappin,51627,BA24,EconomyClass,Demorado
552,Moll,Thebeau,81314,FR56,FirstClass,Demorado
553,Katalin,Danelet,85384,MM09,ExecutiveClass,Demorado
554,Willi,Learmouth,69473,GU23,FirstClass,En Horario
555,Adamo,Burlingame,91499,TU67,EconomyClass,Aterrizado
556,Salomon,Moyers,63896,IB08,FirstClass,Demorado
557,Karita,Pittock,57258,MM09,FirstClass,Demorado
558,Lloyd,Ganderton,60271,TU67,FirstClass,En Horario
559,Marjy,O'Hannay,25680,FR56,EconomyClass,Demorado
560,Kimble,Shreenan,30553,BA24,ExecutiveClass,Aterrizado
561,Casey,Martyn,89516,GU23,ExecutiveClass,En Horario
562,Aubine,Roland,71767,BA24,EconomyClass,Demorado
563,Harold,Carp,48881,BA24,ExecutiveClass,En Horario
564,Ola,Congram,17586,GU23,ExecutiveClass,En Horario
565,Theodore,Tzuker,83490,HY45,FirstClass,En Horario
566,Jessalyn,Ginger,90397,TU67,ExecutiveClass,En Horario
567,Rudiger,Hedaux,89034,GU23,FirstClass,En Horario
568,Annamarie,Wadeling,38203,HY45,FirstClass,En Horario
569,Griff,Dingsdale,17023,IB08,ExecutiveClass,Aterrizado
570,Winonah,Elsdon,62804,FR56,ExecutiveClass,Aterrizado
571,Jedd,Fauning,56962,FR56,FirstClass,Demorado
572,Gard,Peterffy,79918,FR56,ExecutiveClass,Aterrizado
573,Elle,Leipold,52316,BA24,ExecutiveClass,Aterrizado
574,Asa,Oller,52799,BR34,ExecutiveClass,En Horario
575,Amata,Bethell,88737,FR56,ExecutiveClass,Aterrizado
576,Sharlene,Warbys,48124,HY45,FirstClass,Aterrizado
577,Rebekkah,Sutliff,44951,GU23,EconomyClass,Demorado
578,Zacharia,Leyman,61468,HY45,FirstClass,En Horario
579,Irita,Sego,20027,BA24,EconomyClass,Aterrizado
580,Abeu,MacClenan,71065,IB08,FirstClass,Aterrizado
581,Camila,Stiling,70642,GU23,FirstClass,Aterrizado
582,Sena,Hamson,24543,HY45,ExecutiveClass,En Horario
583,Elvira,Eefting,43285,MM09,FirstClass,Aterrizado
584,Benni,Greenhill,48483,IB08,EconomyClass,En Horario
585,Druci,Fairpool,69297,GU23,ExecutiveClass,Demorado
586,Ronica,Badcock,54561,MM09,FirstClass,Demorado
587,Leandra,Otto,62797,MM09,EconomyClass,Aterrizado
588,Ave,Birds,96235,TU67,ExecutiveClass,Demorado
589,Keven,Wealleans,31891,GU23,FirstClass,Demorado
590,Aeriell,Letson,99718,IB08,EconomyClass,Aterrizado
591,Edik,Kersey,28870,GU23,EconomyClass,En Horario
592,Northrup,Angerstein,72369,IB08,FirstClass,En Horario
593,Cart,Kennelly,16426,BR34,FirstClass,En Horario
594,Lorena,Gebhardt,91820,TU67,FirstClass,Aterrizado
595,Dill,Cool,60012,FR56,FirstClass,En Horario
596,Kenn,Avraam,56197,BA24,ExecutiveClass,En Horario
597,Batsheva,Ruste,85081,HY45,ExecutiveClass,Aterrizado
598,Idell,Drable,35840,TU67,EconomyClass,Aterrizado
599,Gianna,Van der Krui,98746,TU67,FirstClass,Aterrizado
600,Nevins,Querrard,75823,HY45,ExecutiveClass,Aterrizado
601,Flore,Leak,88561,FR56,FirstClass,En Horario
602,Bibbie,Turfus,74960,GU23,ExecutiveClass,Aterrizado
603,Murial,Revie,21966,BA24,ExecutiveClass,Aterrizado
604,Mallorie,Pimer,69584,MM09,FirstClass,En Horario
605,Angelo,Kennsley,48024,BA24,EconomyClass,Demorado
606,Torre,Lemarie,89202,TU67,EconomyClass,En Horario
607,Alexandre,Stroban,45350,HY45,ExecutiveClass,Aterrizado
608,Demetris,Rambadt,59576,FR56,FirstClass,Aterrizado
609,Dyana,Ricards,99340,IB08,FirstClass,En Horario
610,Meg,Shoreman,59267,IB08,FirstClass,Demorado
611,Haywood,Presshaugh,64211,IB08,EconomyClass,Demorado
612,Randie,Ansell,97013,BA24,FirstClass,Demorado
613,Elli,Widdup,28063,GU23,ExecutiveClass,Demorado
614,Timofei,Downgate,87666,GU23,ExecutiveClass,En Horario
615,Stefania,Arndtsen,83518,GU23,FirstClass,En Horario
616,Aguie,Mathey,82054,TU67,EconomyClass,Aterrizado
617,Edi,Burroughes,47286,TU67,EconomyClass,Demorado
618,Merrill,Lente,72218,IB08,EconomyClass,Aterrizado
619,Kile,Bubbear,32621,GU23,EconomyClass,Demorado
620,Simonette,Hartnup,67623,TU67,EconomyClass,Demorado
621,Feliza,Folbigg,76709,BA24,ExecutiveClass,Aterrizado
622,Sydelle,Clamp,43531,TU67,ExecutiveClass,En Horario
623,Daryle,Martinuzzi,56438,FR56,EconomyClass,Demorado
624,Moore,Dabner,39637,HY45,FirstClass,Aterrizado
625,Aloisia,Dorrins,97805,BA24,ExecutiveClass,Demorado
626,Andrea,Tuma,48904,HY45,FirstClass,Demorado
627,Keir,Broadhurst,51006,HY45,EconomyClass,Demorado
628,Camilla,Lias,74974,FR56,ExecutiveClass,En Horario
629,Kerri,Whiteside,18041,TU67,EconomyClass,En Horario
630,Fayette,Gebhardt,92859,IB08,ExecutiveClass,En Horario
631,Elsa,MacVanamy,45671,MM09,ExecutiveClass,Demorado
632,Carrie,Kilroy,17763,MM09,ExecutiveClass,Aterrizado
633,Mathian,Kerman,33985,FR56,EconomyClass,En Horario
634,Lilith,Billin,18717,IB08,ExecutiveClass,Aterrizado
635,Jolie,Dobrowolski,44944,BA24,EconomyClass,Aterrizado
636,Nannette,Duffett,56544,BR34,FirstClass,Aterrizado
637,Rosamond,Pusill,75582,IB08,FirstClass,En Horario
638,Felisha,Jammes,17566,GU23,ExecutiveClass,Demorado
639,Bunny,Mewitt,56161,HY45,ExecutiveClass,Aterrizado
640,Cammy,Neiland,97564,GU23,EconomyClass,En Horario
641,Tanya,Feore,38581,IB08,EconomyClass,En Horario
642,Clarence,Savine,93447,TU67,EconomyClass,En Horario
643,Reena,Oxton,45342,BR34,ExecutiveClass,Demorado
644,Delcina,Toffts,23324,MM09,ExecutiveClass,En Horario
645,Garwood,Teck,97100,IB08,EconomyClass,En Horario
646,Geraldine,Whoolehan,88296,HY45,EconomyClass,Demorado
647,Edik,Guiet,53214,HY45,FirstClass,En Horario
648,Eamon,O'Heaney,27451,IB08,ExecutiveClass,Demorado
649,Natty,Sansome,76291,BA24,ExecutiveClass,Demorado
650,Darcey,Casassa,32675,HY45,FirstClass,En Horario
651,Gweneth,Mannering,38015,IB08,FirstClass,Demorado
652,Eduardo,Lassen,71239,BA24,FirstClass,En Horario
653,Karoline,MacGillavery,98714,MM09,FirstClass,En Horario
654,Roshelle,O'Neary,15567,TU67,ExecutiveClass,Aterrizado
655,Delia,Jimmes,92905,BR34,FirstClass,En Horario
656,Melitta,Bloom,63607,BR34,FirstClass,En Horario
657,Halsy,Eilles,19757,IB08,FirstClass,En Horario
658,Star,McCutheon,57401,GU23,ExecutiveClass,Demorado
659,Betsy,Sprulls,49085,BR34,ExecutiveClass,Aterrizado
660,Melesa,Slott,11369,IB08,FirstClass,Aterrizado
661,Sheppard,de Juares,19438,BA24,FirstClass,Aterrizado
662,Jervis,Nesfield,80730,GU23,FirstClass,Aterrizado
663,Palm,Matfin,23662,BA24,FirstClass,Aterrizado
664,Kristina,Souttar,45473,BA24,ExecutiveClass,En Horario
665,Casey,Chieze,52365,HY45,FirstClass,Demorado
666,Homerus,Geill,62746,TU67,FirstClass,En Horario
667,Corrinne,Brimm,69062,HY45,ExecutiveClass,Aterrizado
668,Taber,Shorie,64114,FR56,ExecutiveClass,En Horario
669,Dalila,Kesteven,45663,TU67,EconomyClass,Aterrizado
670,Ramonda,Rantoull,43491,IB08,EconomyClass,Aterrizado
671,Reggie,Petigrew,58074,BA24,EconomyClass,Demorado
672,Steffi,Strodder,12904,BA24,ExecutiveClass,Demorado
673,Colleen,Benezeit,28441,TU67,FirstClass,Aterrizado
674,Calhoun,Bresner,21167,GU23,EconomyClass,En Horario
675,Felicia,Vynoll,47138,FR56,FirstClass,Aterrizado
676,Bo,Tessington,50167,BR34,EconomyClass,Demorado
677,Rosamund,Sinderland,15105,BA24,EconomyClass,Demorado
678,Theodor,Lyness,42107,TU67,EconomyClass,En Horario
679,Nelia,Sein,36881,TU67,EconomyClass,En Horario
680,Sophie,Dummer,15058,HY45,ExecutiveClass,Aterrizado
681,Xylia,Hickford,37085,BA24,FirstClass,En Horario
682,Alexine,Gowland,21950,HY45,FirstClass,Demorado
683,Jarrid,Fenelon,88144,HY45,ExecutiveClass,Aterrizado
684,Boonie,Medendorp,63605,IB08,FirstClass,Aterrizado
685,Lammond,Brigham,62607,GU23,EconomyClass,Demorado
686,Brandtr,Duetschens,44533,IB08,ExecutiveClass,Demorado
687,Billie,Dorrell,66637,HY45,ExecutiveClass,Aterrizado
688,Gaylord,Jimmison,47324,TU67,FirstClass,En Horario
689,Caitlin,Etty,98730,IB08,EconomyClass,En Horario
690,Marcelline,Moffat,86521,BA24,EconomyClass,Aterrizado
691,Rebeca,Tooting,42467,IB08,FirstClass,En Horario
692,Kiele,Kapiloff,43728,BR34,FirstClass,Aterrizado
693,Barn,Olorenshaw,74558,BA24,FirstClass,En Horario
694,Valerye,Attril,24313,TU67,EconomyClass,Demorado
695,Selinda,Buckston,49337,BA24,EconomyClass,Demorado
696,Filmore,Mowson,88518,GU23,FirstClass,En Horario
697,Lula,Dunkerley,26730,BA24,ExecutiveClass,Demorado
698,Rhys,Banes,24689,HY45,FirstClass,Aterrizado
699,Thalia,Reck,47590,FR56,EconomyClass,En Horario
700,Druci,Giotto,24450,MM09,FirstClass,En Horario
701,Ursulina,Fries,65233,FR56,FirstClass,En Horario
702,Essie,De Ambrosis,70555,FR56,EconomyClass,Aterrizado
703,Lief,Preskett,91899,TU67,FirstClass,Aterrizado
704,Leann,Drewe,96083,BR34,FirstClass,En Horario
705,Emalia,Beswell,41796,BR34,FirstClass,En Horario
706,Jocelin,Bebb,62601,GU23,FirstClass,Demorado
707,Tanney,Bunning,61306,BR34,ExecutiveClass,Demorado
708,Juline,Stelfox,95639,FR56,EconomyClass,Aterrizado
709,Alonzo,Dulinty,13953,BA24,EconomyClass,Aterrizado
710,Marlee,Cordeiro,19167,GU23,FirstClass,Demorado
711,Margalit,Rhodef,47772,GU23,EconomyClass,Aterrizado
712,Stormy,Jina,97554,IB08,EconomyClass,Aterrizado
713,Maude,Dory,45514,TU67,FirstClass,Aterrizado
714,Frederik,Bulley,64720,IB08,EconomyClass,En Horario
715,Bo,Wynne,97822,IB08,EconomyClass,Aterrizado
716,Susana,Pimblott,67774,TU67,ExecutiveClass,En Horario
717,Jorey,Cullagh,53496,FR56,ExecutiveClass,Aterrizado
718,Malorie,Pavelka,84757,TU67,FirstClass,En Horario
719,Stephen,Monshall,75985,HY45,EconomyClass,En Horario
720,Sheela,Stone,89233,HY45,EconomyClass,Demorado
721,Washington,Bulloch,74804,TU67,ExecutiveClass,Aterrizado
722,Emmalee,Kless,86246,GU23,FirstClass,En Horario
723,Chandler,Philips,26843,MM09,FirstClass,Aterrizado
724,Odilia,Doulden,73702,BA24,EconomyClass,En Horario
725,Rodrick,Berrisford,90907,BR34,EconomyClass,Demorado
726,Bartholomeus,Breitler,67274,BR34,EconomyClass,Aterrizado
727,Kaitlin,McGeouch,96103,IB08,FirstClass,Demorado
728,Cindra,Pedrocchi,33785,BR34,ExecutiveClass,En Horario
729,Joachim,Heikkinen,12042,FR56,FirstClass,Aterrizado
730,Eartha,Gumme,18060,FR56,ExecutiveClass,Demorado
731,Izzy,Leyban,86392,FR56,ExecutiveClass,En Horario
732,Elfrida,Connell,55078,MM09,ExecutiveClass,Aterrizado
733,Harwell,Scoffham,31127,BA24,ExecutiveClass,Aterrizado
734,Darcy,Coppo,31650,BA24,FirstClass,Demorado
735,Heath,Willder,93110,BA24,ExecutiveClass,Demorado
736,Ardene,Walklot,79519,FR56,FirstClass,Demorado
737,Quinn,Horsell,98450,IB08,ExecutiveClass,En Horario
738,Thalia,Cranson,93089,TU67,FirstClass,En Horario
739,Meriel,Pringley,13407,FR56,FirstClass,En Horario
740,Abby,Jeafferson,84599,GU23,EconomyClass,Aterrizado
741,Russell,Seiter,70220,IB08,FirstClass,En Horario
742,Natalya,Faveryear,45838,MM09,ExecutiveClass,En Horario
743,Atlante,Sherwill,33734,TU67,FirstClass,En Horario
744,Catriona,Herety,50259,GU23,EconomyClass,En Horario
745,Althea,Diche,19999,BA24,EconomyClass,En Horario
746,Sonny,Moreing,22207,FR56,EconomyClass,Aterrizado
747,Gonzalo,Sallows,77041,BA24,FirstClass,Demorado
748,Kelly,Ankers,69263,TU67,EconomyClass,Demorado
749,Farley,MacNeachtain,57997,HY45,EconomyClass,Aterrizado
750,Mollee,Sumnall,49605,IB08,EconomyClass,En Horario
751,Meredithe,O'Doherty,43815,HY45,ExecutiveClass,Aterrizado
752,Arda,Karpf,33398,TU67,ExecutiveClass,Demorado
753,Anna,Housby,85057,IB08,FirstClass,Demorado
754,Duky,Cobleigh,46649,FR56,ExecutiveClass,En Horario
755,Allin,Harnwell,88041,MM09,EconomyClass,Aterrizado
756,Faunie,Boost,42698,MM09,ExecutiveClass,Demorado
757,Freddy,Everest,57327,HY45,FirstClass,Demorado
758,Reynolds,Goldston,16382,FR56,FirstClass,Aterrizado
759,Jemmie,Karle,16696,BR34,FirstClass,En Horario
760,Maurizia,Ballchin,17705,IB08,EconomyClass,En Horario
761,Miof mela,Bisley,95405,IB08,EconomyClass,Aterrizado
762,Sanders,Pyett,54299,HY45,FirstClass,En Horario
763,Faye,Flucker,73191,TU67,FirstClass,Demorado
764,Binni,Caulket,57834,GU23,ExecutiveClass,En Horario
765,Ardys,Allgood,77622,TU67,FirstClass,Demorado
766,Philbert,Crumbie,67818,GU23,EconomyClass,Demorado
767,Giacopo,Lightbourn,76255,FR56,FirstClass,En Horario
768,Brittani,Samwell,98467,BA24,FirstClass,En Horario
769,Ethel,Lipscombe,47820,GU23,EconomyClass,Demorado
770,Quintus,Hutcheons,51624,BA24,EconomyClass,Aterrizado
771,Hilarius,Garrow,33523,TU67,EconomyClass,Aterrizado
772,Christye,Grimshaw,75968,HY45,ExecutiveClass,Aterrizado
773,Rebe,Beautyman,65924,IB08,EconomyClass,En Horario
774,Cathee,Still,35744,HY45,FirstClass,Demorado
775,Free,Paish,68346,BR34,EconomyClass,Demorado
776,Marsiella,Carletti,83434,HY45,FirstClass,Demorado
777,Sauveur,Le Clercq,97805,BR34,EconomyClass,En Horario
778,Paxon,Sherreard,68962,HY45,ExecutiveClass,Aterrizado
779,Lezley,Chaudret,13442,GU23,ExecutiveClass,Demorado
780,Kimball,Ockland,66495,GU23,ExecutiveClass,Demorado
781,Dalton,Wince,58961,BR34,ExecutiveClass,En Horario
782,Olva,Million,10985,FR56,EconomyClass,Demorado
783,Brunhilda,Jumont,82350,GU23,ExecutiveClass,En Horario
784,Janeva,Whitnell,92304,FR56,ExecutiveClass,En Horario
785,Justino,Surgison,73984,HY45,FirstClass,Demorado
786,Odelle,Dossetter,70272,GU23,FirstClass,Demorado
787,Claudie,Godspeede,91058,IB08,ExecutiveClass,Demorado
788,Cissy,Audenis,71690,HY45,EconomyClass,Aterrizado
789,Cecilia,Levett,14178,BA24,EconomyClass,Demorado
790,Hilarius,Fieller,30818,MM09,FirstClass,En Horario
791,Dani,Wren,92873,FR56,ExecutiveClass,Demorado
792,Brandy,MacKomb,84377,HY45,ExecutiveClass,Demorado
793,Saunders,Grangier,59160,FR56,EconomyClass,En Horario
794,Andreas,Eccersley,75966,BR34,ExecutiveClass,En Horario
795,Zarla,Gummory,70950,MM09,FirstClass,Aterrizado
796,Konstanze,O'Loughnan,65763,HY45,ExecutiveClass,Demorado
797,Bronnie,Masse,92028,BA24,EconomyClass,Aterrizado
798,Kelcey,Wabe,26796,GU23,FirstClass,Aterrizado
799,Saxe,Favill,75710,IB08,ExecutiveClass,Aterrizado
800,Gerik,Nairn,58075,IB08,FirstClass,Demorado
801,Stewart,Glawsop,74773,BA24,FirstClass,Demorado
802,Theressa,Mazzei,20826,TU67,ExecutiveClass,Demorado
803,Forster,Dresse,62562,MM09,FirstClass,Demorado
804,Gwenny,Robathon,71878,FR56,EconomyClass,En Horario
805,Rosa,Potter,11291,BR34,FirstClass,Demorado
806,Hortense,Drewson,65699,IB08,ExecutiveClass,En Horario
807,Zebedee,Kuhn,79808,FR56,FirstClass,Aterrizado
808,Uriah,Ziehm,32646,IB08,FirstClass,En Horario
809,Corrinne,Grevatt,51379,TU67,EconomyClass,Demorado
810,Delmar,Erasmus,49334,IB08,EconomyClass,Aterrizado
811,Caryn,Dohrmann,57070,BA24,EconomyClass,Aterrizado
812,Ellen,Flacke,39753,BR34,FirstClass,En Horario
813,Johanna,Hollyer,54669,TU67,EconomyClass,En Horario
814,Marje,Bottoms,62867,FR56,FirstClass,En Horario
815,Johnny,Bagwell,94581,FR56,EconomyClass,Demorado
816,Vittoria,Bloodworthe,90494,BA24,ExecutiveClass,Aterrizado
817,Kile,Dilley,59499,GU23,ExecutiveClass,Aterrizado
818,Netta,Einchcombe,95048,TU67,EconomyClass,En Horario
819,Darryl,Chelam,65483,IB08,EconomyClass,En Horario
820,Marj,McCullouch,81352,FR56,FirstClass,Aterrizado
821,Marti,Wackley,46965,IB08,FirstClass,En Horario
822,Dana,Duthy,12707,HY45,FirstClass,Aterrizado
823,Marilin,Wentworth,35402,GU23,FirstClass,Demorado
824,Ringo,Calcraft,98973,FR56,EconomyClass,Aterrizado
825,Mackenzie,Houlston,53364,HY45,ExecutiveClass,Aterrizado
826,Cesar,Witts,24701,FR56,EconomyClass,En Horario
827,Elwyn,Woller,20507,TU67,EconomyClass,Aterrizado
828,Tedman,Verryan,26129,TU67,FirstClass,En Horario
829,Lorena,Wreiford,54110,IB08,EconomyClass,Demorado
830,Shaun,Dearnley,41050,BR34,EconomyClass,Aterrizado
831,Ferne,Treffry,86064,TU67,ExecutiveClass,Aterrizado
832,Whitby,Goater,18754,BR34,FirstClass,Demorado
833,Laurie,Lahy,39129,FR56,ExecutiveClass,Demorado
834,Idalia,Buckles,22465,MM09,EconomyClass,Aterrizado
835,Sherwin,Chettoe,15842,BA24,FirstClass,Aterrizado
836,Alanson,Erratt,34953,IB08,ExecutiveClass,Aterrizado
837,Nissie,Bliven,56151,TU67,ExecutiveClass,Aterrizado
838,Gertruda,Tetsall,39503,TU67,ExecutiveClass,En Horario
839,Dannye,Fines,11557,FR56,ExecutiveClass,Demorado
840,Roselin,Wellum,59523,TU67,ExecutiveClass,Demorado
841,Daisi,Threadkell,19513,BR34,EconomyClass,En Horario
842,Mead,Rambadt,24250,GU23,EconomyClass,En Horario
843,Riccardo,Androlli,80332,BA24,EconomyClass,En Horario
844,Lainey,Slessar,41361,IB08,ExecutiveClass,Aterrizado
845,Anton,Liddiatt,58801,IB08,FirstClass,Demorado
846,Janella,Hemshall,57343,TU67,EconomyClass,En Horario
847,Coleen,Jekyll,11459,BR34,EconomyClass,Demorado
848,Cosetta,Strelitz,96777,HY45,ExecutiveClass,Aterrizado
849,Giffard,Hulks,98296,BR34,ExecutiveClass,Aterrizado
850,Melosa,Olliffe,50584,IB08,ExecutiveClass,Demorado
851,Denis,Meddings,23169,BR34,ExecutiveClass,Aterrizado
852,Caldwell,Rowney,66358,FR56,FirstClass,Aterrizado
853,Starr,Topham,11917,FR56,FirstClass,Demorado
854,Moira,Lidgertwood,70724,GU23,EconomyClass,Aterrizado
855,Liana,Nern,97840,HY45,ExecutiveClass,Aterrizado
856,Sybila,Brittoner,79542,IB08,FirstClass,Aterrizado
857,Bayard,MacKenny,57683,BR34,FirstClass,En Horario
858,Ramon,Lynskey,87773,GU23,FirstClass,En Horario
859,Zita,Langstaff,58048,IB08,ExecutiveClass,Demorado
860,Modesta,Koba,92504,BR34,EconomyClass,En Horario
861,Lionel,Yakushkev,93605,BA24,EconomyClass,En Horario
862,Allis,Jerromes,65624,FR56,ExecutiveClass,En Horario
863,Stafford,Fynn,24427,GU23,EconomyClass,Demorado
864,Tiebold,Chsteney,95873,GU23,EconomyClass,En Horario
865,Jerrilee,Alden,50827,BR34,EconomyClass,En Horario
866,Marys,Mertsching,99511,TU67,EconomyClass,Demorado
867,Milly,Seville,40441,HY45,ExecutiveClass,Demorado
868,Brander,Duligall,80569,MM09,EconomyClass,Demorado
869,Freedman,Surman,45141,BR34,EconomyClass,Aterrizado
870,Hunter,Gallamore,88665,HY45,EconomyClass,Aterrizado
871,Toby,Sorley,86675,GU23,EconomyClass,Demorado
872,Rolando,Acres,19894,IB08,ExecutiveClass,En Horario
873,Austin,Hadley,37987,IB08,FirstClass,Demorado
874,Christie,Jorissen,91939,GU23,EconomyClass,En Horario
875,Dollie,Waring,91003,IB08,EconomyClass,En Horario
876,Jorge,Milburn,41796,TU67,EconomyClass,En Horario
877,Cyril,Carillo,21624,HY45,ExecutiveClass,En Horario
878,Launce,Heckle,82113,BR34,EconomyClass,Demorado
879,Hillery,Fyfield,12047,TU67,ExecutiveClass,Aterrizado
880,Binky,Canton,86851,HY45,EconomyClass,Demorado
881,Tabby,Staff,86714,BA24,EconomyClass,Aterrizado
882,Brod,Clampton,40456,TU67,FirstClass,Demorado
883,Darcie,Ruprecht,18097,BA24,ExecutiveClass,Aterrizado
884,Devonna,Hinz,64804,MM09,ExecutiveClass,Demorado
885,Corena,Flawn,79839,BA24,ExecutiveClass,En Horario
886,Traver,Coppard,60266,TU67,EconomyClass,Demorado
887,Julio,MacDuffie,36502,GU23,EconomyClass,Aterrizado
888,Crosby,Charlet,49283,HY45,FirstClass,Demorado
889,Jules,Widdocks,27799,FR56,FirstClass,En Horario
890,Birgitta,Todhunter,49953,TU67,FirstClass,En Horario
891,Bobine,Ronaldson,67019,IB08,ExecutiveClass,En Horario
892,Christos,Delgado,59795,TU67,EconomyClass,En Horario
893,Nealon,Mattack,39613,GU23,EconomyClass,Aterrizado
894,Dell,Moyser,18388,GU23,FirstClass,Aterrizado
895,Daria,Copper,77391,TU67,ExecutiveClass,En Horario
896,Renell,Hedgecock,70547,IB08,ExecutiveClass,En Horario
897,Francesca,Kures,77686,HY45,EconomyClass,Aterrizado
898,Osbert,Bradtke,98373,BR34,EconomyClass,Aterrizado
899,Orelee,Inger,63970,IB08,ExecutiveClass,Demorado
900,Ara,Tillerton,90437,BR34,ExecutiveClass,Demorado
901,Claudelle,Crank,21612,IB08,FirstClass,En Horario
902,Jdavie,Uden,76343,BA24,FirstClass,Aterrizado
903,Janaye,De Bruin,77298,GU23,ExecutiveClass,Demorado
904,Mariette,De Domenici,49347,GU23,ExecutiveClass,Aterrizado
905,Fey,Dalrymple,77961,TU67,ExecutiveClass,Aterrizado
906,Berti,Halleybone,43723,HY45,ExecutiveClass,En Horario
907,Byrann,Chisman,94742,GU23,FirstClass,En Horario
908,Jacquetta,Northwood,44815,BR34,EconomyClass,Aterrizado
909,Ram,Blewett,37319,TU67,EconomyClass,Aterrizado
910,Andee,Oneil,29366,TU67,FirstClass,Demorado
911,Gian,Giblin,34044,BR34,FirstClass,Demorado
912,Quinlan,Polendine,37021,BR34,EconomyClass,En Horario
913,Erda,Avesque,74012,IB08,FirstClass,En Horario
914,Giorgi,Cline,67596,IB08,FirstClass,Aterrizado
915,Oran,Jacombs,70477,IB08,EconomyClass,Demorado
916,Herschel,Denkel,92132,BA24,ExecutiveClass,Aterrizado
917,Robena,Newland,34048,FR56,FirstClass,En Horario
918,Kettie,Hamber,40117,GU23,ExecutiveClass,Demorado
919,Ainsley,Vignal,92634,GU23,FirstClass,En Horario
920,Lowell,Manoch,61810,MM09,EconomyClass,Aterrizado
921,Mae,McElane,13662,FR56,FirstClass,Aterrizado
922,Suzanna,Spat,73005,TU67,FirstClass,Aterrizado
923,Wilmer,Vaulkhard,45221,FR56,EconomyClass,En Horario
924,Georgena,Thrift,89279,MM09,ExecutiveClass,Aterrizado
925,Robinet,Hadcroft,66732,FR56,FirstClass,Demorado
926,Sileas,Huckin,58197,GU23,ExecutiveClass,Demorado
927,Mirabella,Bodleigh,85049,GU23,ExecutiveClass,En Horario
928,Angele,Hawksworth,74092,BR34,FirstClass,Aterrizado
929,Shayla,Doe,10804,FR56,EconomyClass,Demorado
930,Elnora,Bettenay,92803,BR34,EconomyClass,Demorado
931,Faber,Sidnell,68364,GU23,ExecutiveClass,Demorado
932,Carrissa,Hustings,70076,IB08,ExecutiveClass,Aterrizado
933,Rosie,Kidsley,32472,BR34,ExecutiveClass,En Horario
934,Archibold,Peatt,72593,IB08,FirstClass,En Horario
935,Mary,Caughte,96312,FR56,FirstClass,Demorado
936,Cherilynn,Dobby,80799,BA24,FirstClass,En Horario
937,Gawen,Fenty,17226,BA24,ExecutiveClass,En Horario
938,Shane,Clitsome,77656,HY45,FirstClass,En Horario
939,Denice,Andree,64748,TU67,ExecutiveClass,Aterrizado
940,Gabby,Bernot,78884,IB08,EconomyClass,En Horario
941,Padget,Yegorev,88456,FR56,EconomyClass,En Horario
942,Marji,Younghusband,11838,FR56,ExecutiveClass,En Horario
943,Stanley,Thurman,94728,TU67,FirstClass,En Horario
944,Antonin,Airdrie,71332,MM09,FirstClass,En Horario
945,Jocelyn,Videler,90982,TU67,FirstClass,Aterrizado
946,Jeanine,Caseri,57932,IB08,ExecutiveClass,Aterrizado
947,Gaspar,Pycock,46140,HY45,ExecutiveClass,En Horario
948,Tobias,Reinmar,47424,BA24,EconomyClass,Demorado
949,Roi,Nijssen,32089,GU23,EconomyClass,Aterrizado
950,Zsazsa,Skitterel,42991,BA24,ExecutiveClass,Demorado
951,Shara,Benstead,35512,BA24,EconomyClass,Aterrizado
952,Ignacius,Lewins,51423,TU67,EconomyClass,Aterrizado
953,Rivi,Showl,13484,BA24,EconomyClass,Demorado
954,Heidi,Carle,56037,BR34,ExecutiveClass,Aterrizado
955,Ardenia,Huge,91693,BR34,FirstClass,En Horario
956,Gaby,Bannester,50461,GU23,ExecutiveClass,En Horario
957,Gael,Ligertwood,41651,IB08,ExecutiveClass,Aterrizado
958,Stephie,Hallaways,14675,FR56,FirstClass,Aterrizado
959,Dalli,Stainfield,13113,BA24,EconomyClass,Demorado
960,Keefer,Bellerby,43119,MM09,EconomyClass,Demorado
961,Evyn,Antonik,10340,MM09,FirstClass,Aterrizado
962,Wilton,Romaynes,29460,GU23,FirstClass,Demorado
963,Floris,Skyner,69609,MM09,FirstClass,Demorado
964,Deeanne,Lumox,99900,FR56,ExecutiveClass,Aterrizado
965,Worthy,Fidgin,39017,IB08,ExecutiveClass,En Horario
966,Ariadne,McGorman,79433,GU23,EconomyClass,Demorado
967,Ginevra,Bogue,84552,FR56,FirstClass,Demorado
968,Samuele,Wheowall,61089,MM09,ExecutiveClass,Demorado
969,Christian,Sagrott,13151,BR34,ExecutiveClass,Demorado
970,Gwyneth,Jeffery,28252,GU23,FirstClass,Demorado
971,Joelynn,Hamflett,96066,BR34,ExecutiveClass,En Horario
972,Lisa,Callister,49275,BA24,FirstClass,Demorado
973,Shela,Strainge,13082,MM09,FirstClass,Aterrizado
974,Bertram,Leonard,36164,GU23,EconomyClass,En Horario
975,Doralyn,Kimbling,44448,IB08,FirstClass,Aterrizado
976,Charla,Huntington,54492,MM09,EconomyClass,En Horario
977,Scotti,Shoebottom,45504,BA24,FirstClass,En Horario
978,Lee,Thresh,49439,BA24,ExecutiveClass,En Horario
979,Sonja,Trillow,28791,GU23,EconomyClass,Demorado
980,Kalila,Claricoates,93936,FR56,ExecutiveClass,En Horario
981,Berkeley,Standingford,77193,HY45,ExecutiveClass,Demorado
982,Early,Boddington,20110,MM09,EconomyClass,En Horario
983,Cazzie,Bembridge,58595,FR56,FirstClass,Demorado
984,Walsh,Arnaud,10205,BA24,EconomyClass,En Horario
985,Alejoa,Yankeev,69095,BA24,ExecutiveClass,Aterrizado
986,Mellie,Chattaway,31341,IB08,FirstClass,En Horario
987,Laird,Bartalini,52398,BA24,ExecutiveClass,En Horario
988,Ward,Bernardini,52343,MM09,EconomyClass,En Horario
989,Dody,Lomansey,55404,GU23,FirstClass,Aterrizado
990,Vaughan,Payton,99946,FR56,EconomyClass,Demorado
991,Kriste,Bryant,45609,MM09,ExecutiveClass,Demorado
992,Cissy,Searchwell,44058,BA24,FirstClass,En Horario
993,Sydney,Zahor,32593,BA24,EconomyClass,En Horario
994,Hall,Scarlon,27576,GU23,FirstClass,Aterrizado
995,Rebeka,Grahlmans,64591,HY45,EconomyClass,Aterrizado
996,Travus,Mapholm,49966,GU23,FirstClass,Aterrizado
997,Ximenes,Isgate,64356,HY45,FirstClass,Aterrizado
998,Dex,Bog,22453,BR34,ExecutiveClass,Aterrizado
999,Colby,Clarkin,19347,GU23,ExecutiveClass,Aterrizado
1000,Sande,Paulillo,82486,BA24,FirstClass,En Horario
